{"translation":[-0.20563366,7.5931273,91.36517],"rotation":[0.0026445675,0.012200861,-0.00003226852,0.99992204],"config":{"x_mul":8.0,"y_mul":13.0,"z_mul":1.0,"mic":0.5}}