{"translation":[25.388695,20.768599,38.80635],"rotation":[-0.052398767,0.18601754,0.009934879,0.98109794],"config":{"x_mul":2.0,"y_mul":13.0,"z_mul":4.0,"mic":0.5}}