{"translation":[0.1101992,5.950411,57.619236],"rotation":[-0.05714637,0.0009833345,0.000056286004,0.99836534],"config":{"x_mul":2.0,"y_mul":13.0,"z_mul":1.0,"mic":0.5}}