{"translation":[-32.04156,-3.8887672,50.546272],"rotation":[0.015829783,-0.02562987,0.00040589957,0.99954605],"config":{"x_mul":2.0,"y_mul":13.0,"z_mul":1.0,"mic":0.5}}