{"translation":[-116.06635,-5.8296137,-35.605457],"rotation":[0.07973866,-0.61333597,0.062436424,0.78330225],"config":{"x_mul":2.0,"y_mul":13.0,"z_mul":1.0,"mic":0.5}}