{"translation":[109.36784,6.222547,-51.6587],"rotation":[0.031633105,0.6966687,-0.030777574,0.7160341],"config":{"x_mul":2.0,"y_mul":13.0,"z_mul":1.0,"mic":0.5}}
