{"translation":[-1.2680427,28.9112,69.98951],"rotation":[-0.13073836,-0.0105880955,-0.0013963353,0.99135935],"config":{"x_mul":2.0,"y_mul":13.0,"z_mul":1.0,"mic":0.5}}