{"translation":[133.51369,6.222547,-68.11147],"rotation":[0.056373604,0.7157599,-0.058171973,0.69363236],"config":{"x_mul":2.0,"y_mul":13.0,"z_mul":1.0,"mic":0.5}}